,design,n,mpnn,plddt,i_ptm,i_pae,rmsd,seq
0,0,0,1.423475982804788,0.8289095163345337,0.13597708940505981,25.472780585289,23.9822998046875,ETLVRPKPLLLKLLKSVGAQKDTYTMKEVLFYLGQYIMTKRLYDEKQQHIVYCSNDLLGDLFGVPSFSVKEHRKIYTMIYRNLVV/MEKEEEEIKKFFEEVSKEFLKIAAEELEKEKEELKKAEENPEELRKKLEEEKKKREEERLAKELAKLLKLLLLLLLLGPLLLLLLALLLLLLSLL
1,0,1,1.295444007159949,0.837512195110321,0.08126264810562134,27.05175358057022,39.9627799987793,ETLVRPKPLLLKLLKSVGAQKDTYTMKEVLFYLGQYIMTKRLYDEKQQHIVYCSNDLLGDLFGVPSFSVKEHRKIYTMIYRNLVV/SSEEEEKIKKEFLEITKEYLKEAEKILEEEKKALEEAEKNPEEKRKKLEEEKEKRKKEEEKKKEEKKKKEEEEKKKKKELEEKKKKEEEELKKKL
2,0,2,1.4057608182581804,0.7272857427597046,0.06845344603061676,27.644629955291748,22.88969612121582,ETLVRPKPLLLKLLKSVGAQKDTYTMKEVLFYLGQYIMTKRLYDEKQQHIVYCSNDLLGDLFGVPSFSVKEHRKIYTMIYRNLVV/MEEEEKEIEEYFLEVTKEMLKKVEEVLKKEKERLEEAEKNPEEKKKELEEEEEKRRKEREKKELEKLKKKLAAALAALPKLLAEAAALAAALEEL
3,0,3,1.3105062637078972,0.8155903816223145,0.07607308030128479,27.27230215072632,26.633363723754883,ETLVRPKPLLLKLLKSVGAQKDTYTMKEVLFYLGQYIMTKRLYDEKQQHIVYCSNDLLGDLFGVPSFSVKEHRKIYTMIYRNLVV/EEEEEEKIRKEFLEVTKEYLKIAEKELEERKKRLKEAEENPEKLKKELEEEKEKRKKEEEEKKKEEEEKKKEEEKKLAPKLKKLKEELEEKLKKL
4,0,4,1.3169698174244788,0.8283592462539673,0.07161837071180344,27.761860072612762,32.431636810302734,ETLVRPKPLLLKLLKSVGAQKDTYTMKEVLFYLGQYIMTKRLYDEKQQHIVYCSNDLLGDLFGVPSFSVKEHRKIYTMIYRNLVV/EEEEEKKIKEKFLEITKEYLKEAKERLKKEKERLKKAEENPEELKKKLEEEKKKREEERKKKELEKKKKEEELKKKLEPKLEEEKKEKLLKEKLL
5,0,5,1.3023302041583973,0.8513036966323853,0.08037851005792618,27.481008529663086,38.40003967285156,ETLVRPKPLLLKLLKSVGAQKDTYTMKEVLFYLGQYIMTKRLYDEKQQHIVYCSNDLLGDLFGVPSFSVKEHRKIYTMIYRNLVV/EEEEKKKIEEEFKKITKEYLKIAKEKLEKEKKRLEEAKKNPKELLKKKKKEEEERLKKRLEEEKEKEEEEEEELEEEEEEEELEEEEEELEEELE
6,0,6,1.3599763843711012,0.8323307037353516,0.09101574122905731,27.08670735359192,50.6937141418457,ETLVRPKPLLLKLLKSVGAQKDTYTMKEVLFYLGQYIMTKRLYDEKQQHIVYCSNDLLGDLFGVPSFSVKEHRKIYTMIYRNLVV/KKSEEEKIEKFFKEVTKEFLEEAEKKLKEERERLKEAEENPEEKRKELEEEKRKREEEREEEEEEKLEEELEEEEEEEEELEELEEEEEEEAELL
7,0,7,1.4094201309201206,0.830990195274353,0.0756736695766449,27.305639147758484,32.613197326660156,ETLVRPKPLLLKLLKSVGAQKDTYTMKEVLFYLGQYIMTKRLYDEKQQHIVYCSNDLLGDLFGVPSFSVKEHRKIYTMIYRNLVV/AEEEEKKIEELFKEITKEYLKIAEEKLKEEKKRLEEAEENPEELRKELEKEEEERKRKEEEERKRREEEEAALLAELAPLLALLEEALRLLLELL
8,1,0,1.0105660914311003,0.887367308139801,0.1648360937833786,22.149073481559753,23.57402801513672,ETLVRPKPLLLKLLKSVGAQKDTYTMKEVLFYLGQYIMTKRLYDEKQQHIVYCSNDLLGDLFGVPSFSVKEHRKIYTMIYRNLVV/MKEIEALEKKAEELEKKAEELEKEVEYEKLMVEVKRELVLEEAKKNPEKAEEILKKAEEEAEKKLKELEEKEKEIEKLREEREKIKKEAEELKKK
9,1,1,1.1000698563710256,0.8920740485191345,0.14609019458293915,22.998477697372437,18.84778594970703,ETLVRPKPLLLKLLKSVGAQKDTYTMKEVLFYLGQYIMTKRLYDEKQQHIVYCSNDLLGDLFGVPSFSVKEHRKIYTMIYRNLVV/EEEIKELEKEAEKLKEEAEEERKEVEFKRLMVEVKMEKVKELAKKNPEKAEELLKEAEEKAEKELEELKKEEEKIKKLEKKRKEIEEKAKKLKEK
10,1,2,1.1532514603869015,0.9021930694580078,0.12943977117538452,24.0311781167984,15.734719276428223,ETLVRPKPLLLKLLKSVGAQKDTYTMKEVLFYLGQYIMTKRLYDEKQQHIVYCSNDLLGDLFGVPSFSVKEHRKIYTMIYRNLVV/SEKIAALKEKAAKIEKEAEKLEIEVTYEELMVEVEYELVKELAKKEPETAEELLKKAEEERKKKLEELEKKRKEIEALKAEREAILAEAKALEAE
11,1,3,1.0046774351794112,0.850437343120575,0.07821342349052429,26.911160588264465,44.016815185546875,ETLVRPKPLLLKLLKSVGAQKDTYTMKEVLFYLGQYIMTKRLYDEKQQHIVYCSNDLLGDLFGVPSFSVKEHRKIYTMIYRNLVV/MEEIEKLKKEAKKLEEEAEKKEKEVTYKKLLVEVERKKVEELAKKLPEKAEELLEKAEKEAKEKLEELEKEEKEIEKLKKKAEEIKKKAEELEKK
12,1,4,1.0338574838177452,0.8286809921264648,0.1120019182562828,25.095037043094635,37.3511962890625,ETLVRPKPLLLKLLKSVGAQKDTYTMKEVLFYLGQYIMTKRLYDEKQQHIVYCSNDLLGDLFGVPSFSVKEHRKIYTMIYRNLVV/EEKIKELEEKAKELEKEIEEKEKEVTYKKLMVEVKKKEVEELAKKEPEKAKELLEKAEKEAEEELKKLEEEKKKIEKLKEEAEKIKKKAEELKKK
13,1,5,1.1512915420261467,0.9137213826179504,0.14099732041358948,23.431435525417328,20.833162307739258,ETLVRPKPLLLKLLKSVGAQKDTYTMKEVLFYLGQYIMTKRLYDEKQQHIVYCSNDLLGDLFGVPSFSVKEHRKIYTMIYRNLVV/DAELAALEKKAAELAAKAEEEKTEITYERLMVEVEMQKALEEAAKNPEKAAEILAKAAAEAAAKLAALAEREAKVAALEAERDAIVAEAAALKAA
14,1,6,1.1083713783647176,0.8917264342308044,0.13529649376869202,23.605659306049347,21.606529235839844,ETLVRPKPLLLKLLKSVGAQKDTYTMKEVLFYLGQYIMTKRLYDEKQQHIVYCSNDLLGDLFGVPSFSVKEHRKIYTMIYRNLVV/MEKIEKLEKEAKKLEEEAEKEEKEVTYEELMVYVKMEKVLEEAKENPETAKEILAKAEAKAKKELAKLEEKKKKIEEKKKKAEEIKKEAEKLKKE
15,1,7,1.0902237178884624,0.8860980868339539,0.08583655208349228,26.383879125118256,28.600828170776367,ETLVRPKPLLLKLLKSVGAQKDTYTMKEVLFYLGQYIMTKRLYDEKQQHIVYCSNDLLGDLFGVPSFSVKEHRKIYTMIYRNLVV/SEKIEELKKKAEELEKEAEKKEKEVTYKELLVEVEMKKVEELAAKEPEKAEELLAKAKKEADAKLAELEKEKKKIEELKKKREEILEEAEKLEAE
16,2,0,1.1388063139406883,0.8789082169532776,0.08127452433109283,26.517607748508453,18.2817440032959,ETLVRPKPLLLKLLKSVGAQKDTYTMKEVLFYLGQYIMTKRLYDEKQQHIVYCSNDLLGDLFGVPSFSVKEHRKIYTMIYRNLVV/SAEELEKKNLLLVKKSMLEMLIKINEEKLKELEKEKEKLKAEREKLEAEDKSKKEEIKALKEEAKKLEEEAEKLKKKKEELEKEKEKVEKKIKEG
17,2,1,1.0957258468026663,0.9166936278343201,0.09248927980661392,26.290218830108643,17.32364845275879,ETLVRPKPLLLKLLKSVGAQKDTYTMKEVLFYLGQYIMTKRLYDEKQQHIVYCSNDLLGDLFGVPSFSVKEHRKIYTMIYRNLVV/SPELEEKKNLLLVKLAVLEMLIKLNEEKLKEVEKEAEKLKKELEKLKKEDPSLKEELEKLKKKIEELKKKAEELKKKAEELKKEAKKVEEKIKKG
18,2,2,1.0899213472900526,0.9030847549438477,0.08943261951208115,26.04125565290451,20.035673141479492,ETLVRPKPLLLKLLKSVGAQKDTYTMKEVLFYLGQYIMTKRLYDEKQQHIVYCSNDLLGDLFGVPSFSVKEHRKIYTMIYRNLVV/SAELEEKKNLLLVKLAVLKMLIEIYEEKLKKLKEEAKKLEEELKKLEEEDKSKKEELKELKKKIEEVKKEAKKLEEKKKELEEEAKKVEEEIKKG
19,2,3,1.1236394633973803,0.8532733917236328,0.08271072804927826,26.584213376045227,45.28751754760742,ETLVRPKPLLLKLLKSVGAQKDTYTMKEVLFYLGQYIMTKRLYDEKQQHIVYCSNDLLGDLFGVPSFSVKEHRKIYTMIYRNLVV/SAEELEKKNLLLVKLEMLKMQKKILEEKLKALKAEAAALKAERAALAAADPSQKAALAALKAAAAKKKAEAAALEAKAKELEEEAKKVEEKIKKG
20,2,4,1.1349677439172545,0.8994637131690979,0.092646025121212,26.041702806949615,17.163795471191406,ETLVRPKPLLLKLLKSVGAQKDTYTMKEVLFYLGQYIMTKRLYDEKQQHIVYCSNDLLGDLFGVPSFSVKEHRKIYTMIYRNLVV/SAEEREKKDLLTVKLAMLEMLIKINEEKKKELEKKAKELKEELKKLEKEDKSKKEELAKLKKEIEELEKEAKELEEKSEKLKKEKEEVEKKLKEG
21,2,5,1.0832998109919476,0.9171112775802612,0.08807207643985748,26.24544060230255,19.61298942565918,ETLVRPKPLLLKLLKSVGAQKDTYTMKEVLFYLGQYIMTKRLYDEKQQHIVYCSNDLLGDLFGVPSFSVKEHRKIYTMIYRNLVV/SEEEEEKRNLLLVKKSMLEMLIKILEKKAEELKKKAEELKKELEKLKKEDPSKKEELEKLEKEIKEVEEKLKELEEQAKKLKEEKKEVEKKIEEG
22,2,6,1.104782538234967,0.8658027648925781,0.0794408768415451,26.980792820453644,25.137744903564453,ETLVRPKPLLLKLLKSVGAQKDTYTMKEVLFYLGQYIMTKRLYDEKQQHIVYCSNDLLGDLFGVPSFSVKEHRKIYTMIYRNLVV/SAELEEEKNLLTVKLQTLKMLKKIYEEKAKELKEELEKLKKELAKLKAEDPSLKEKLAALEAEAKKVEAELKKLEEKKKELEKEAEEVEKKLKEG
23,2,7,1.06460238056521,0.8954941034317017,0.08857978880405426,26.528101086616516,23.135574340820312,ETLVRPKPLLLKLLKSVGAQKDTYTMKEVLFYLGQYIMTKRLYDEKQQHIVYCSNDLLGDLFGVPSFSVKEHRKIYTMIYRNLVV/SAELEEEKNLLTVKLATLEMLKEILEKKAKELKEKKKEVEEELKKLEKKDPSKKEELEKLKKEAEELEKKLKELEEKKKELEKEAEEVKKKIKEG
24,3,0,1.073451089746014,0.8251641988754272,0.08257727324962616,27.22457492351532,40.372581481933594,ETLVRPKPLLLKLLKSVGAQKDTYTMKEVLFYLGQYIMTKRLYDEKQQHIVYCSNDLLGDLFGVPSFSVKEHRKIYTMIYRNLVV/EEEKKKLEEIKKKAKELEKKKEELKKKLEELKKEAEKAEKEDKEKAKKLKKEAEKLQKELEKLEKELKELEEPIKKEKQLKEVEEDWEKILKLWE
25,3,1,1.0683394487410862,0.7939593195915222,0.08024409413337708,27.303857922554016,18.853981018066406,ETLVRPKPLLLKLLKSVGAQKDTYTMKEVLFYLGQYIMTKRLYDEKQQHIVYCSNDLLGDLFGVPSFSVKEHRKIYTMIYRNLVV/MKEEKEKEEIKKKAKELEKELKKLKEEAEKKKKEAEELEKKNKEEAKKKKEEYEKLKKELEKKEKELEELKEPIKKEEQEEEVKQDWEKILELAK
26,3,2,1.106832781631259,0.801652193069458,0.07283101230859756,27.322656869888306,22.464256286621094,ETLVRPKPLLLKLLKSVGAQKDTYTMKEVLFYLGQYIMTKRLYDEKQQHIVYCSNDLLGDLFGVPSFSVKEHRKIYTMIYRNLVV/SMLKEELEKIKKEAEELKKKAEELEKKLEELKKKAEEAKKKDKKKAEELEKKAEELKKKLEELKKKLEELSEPIKKEKQKEEVEKDWEKILELNE
27,3,3,1.1269677415088142,0.8069770336151123,0.0953906923532486,26.284426152706146,15.146564483642578,ETLVRPKPLLLKLLKSVGAQKDTYTMKEVLFYLGQYIMTKRLYDEKQQHIVYCSNDLLGDLFGVPSFSVKEHRKIYTMIYRNLVV/SELKEKLEKIKEEAKKLEKELEELKKELEAAKKEAEALKKEDKKAAEKAKKKAKELEKKAEELKKELEKLKEPIKKLEQEKEVEEDWEKILKLAE
28,3,4,1.055409578946347,0.7939095497131348,0.07332733273506165,27.372032284736633,22.831544876098633,ETLVRPKPLLLKLLKSVGAQKDTYTMKEVLFYLGQYIMTKRLYDEKQQHIVYCSNDLLGDLFGVPSFSVKEHRKIYTMIYRNLVV/SMLEEELEKIKKEAEELKKKLEEKKKKLEELKKKAEELKKKNKEEAKKAEEEAKKLEKEVKELEKKLEELLKPIKKEEQLKEVEEEWEKILELWE
29,3,5,1.0511216030771176,0.7642784118652344,0.08233879506587982,26.949094772338867,48.95894241333008,ETLVRPKPLLLKLLKSVGAQKDTYTMKEVLFYLGQYIMTKRLYDEKQQHIVYCSNDLLGDLFGVPSFSVKEHRKIYTMIYRNLVV/MKEKKEKEEIKKKAEELKKEKEKLKKELEELEKKAKELEKKDKEKAKEEEKKAKELKKKLEELEKELEKLYEPIKKEEQEKEVEEDWEKILKLWE
30,3,6,1.0756100008798541,0.8188636898994446,0.07073833048343658,27.530997395515442,18.039875030517578,ETLVRPKPLLLKLLKSVGAQKDTYTMKEVLFYLGQYIMTKRLYDEKQQHIVYCSNDLLGDLFGVPSFSVKEHRKIYTMIYRNLVV/EELKKKLEEIKKKAKELEKELKKLKEELEKKKEEAEKAKKKDKKKAEELKKEAEKLKKKVEELEKKLEELKEPIKKEEQLKEVEEEWEKILELNE
31,3,7,1.0762257579561532,0.7898411154747009,0.07500466704368591,27.534393548965454,10.352834701538086,ETLVRPKPLLLKLLKSVGAQKDTYTMKEVLFYLGQYIMTKRLYDEKQQHIVYCSNDLLGDLFGVPSFSVKEHRKIYTMIYRNLVV/MEEEEKLKKIEEEAKKLEEELKKKKKELEELKKKAKELEKKDKEKAKEVKKEAEKKEKEVKKLEKELEKLAEPRKKKEQLKEVEEEWEKILELWE
